"price","num_rooms","lot_size","year_built","proximity_to_amenities","num_bathrooms","garage_size","has_pool","neighborhood_rating","crime_rate","school_quality"
402822,2,8049,1989,0.99,3,0,1,8.6,0.12,3.1
257648,4,8318,2013,0.31,2,0,0,4.1,0.87,1.2
327235,7,15027,1989,0.13,3,1,0,1.7,0.93,3
347465,3,11292,1902,0.64,4,0,0,4.2,0.07,3.9
330320,10,9566,1925,0.38,4,0,1,8.9,0.85,2.1
292041,10,12817,1964,0.93,3,1,0,7.3,0.96,3.3
413364,1,8364,1926,0.66,3,0,1,8.7,0.92,1.5
292901,9,10417,1997,0.88,3,2,1,8.2,0.72,3.1
451382,3,14341,1986,0.67,4,1,1,4.4,0.17,1.4
295296,8,9002,1969,0.43,3,0,1,8.1,0.71,2.8
397865,1,7603,1962,0.12,1,1,0,7.6,0.81,1.1
471498,9,8355,1992,0.96,3,2,0,10,0.21,4.7
195835,7,6848,2020,0.44,4,0,0,4.3,0.85,1.8
279091,9,10758,1932,0.45,3,1,1,9.8,0.57,2.6
290001,2,10984,1928,0.08,3,2,0,8.2,0.74,2.1
347696,5,12567,1924,0.15,1,2,0,9,0.23,3.6
278681,2,15405,1951,0.82,4,1,1,2.5,0.11,2
100766,6,14216,1940,0.35,2,0,0,1.9,0.42,2.9
116965,9,6248,1924,0.18,4,2,0,9.9,0.4,4.3
399009,9,15997,1929,0.76,4,0,0,4.5,0.37,3.9
277002,3,10418,1988,0.13,1,2,1,5,0.86,3.6
166402,8,8840,1921,0.82,3,1,0,1.2,0.8,2.4
287106,10,15567,1938,0.5,4,2,0,1.6,0.89,1.6
391101,9,11287,1989,0.88,1,0,1,1.7,0.35,2
442140,1,15192,1938,0.1,3,1,0,3.8,0.79,4.8
267715,3,9869,1946,0.87,2,0,0,6.4,0.27,4.8
280705,8,7807,1906,0.58,2,1,1,1.7,0.14,1.8
167763,6,4102,1984,0.56,1,0,0,7.1,0.49,4
334507,4,13381,2000,0.29,4,0,1,9,0.71,1.6
252000,7,7336,1936,0.6,1,1,1,2.3,0.73,1.4
334159,6,12614,1959,0.26,4,0,1,1,0.46,3.4
352863,4,10360,1994,0.42,1,0,0,4.1,0.8,1.6
377633,5,11417,2005,0.06,4,1,0,3.7,0.24,4.1
254331,4,13800,1971,0.56,4,2,1,9.5,0.74,3.1
337872,4,8544,1952,0.01,4,0,0,3.3,0.65,2.6
171224,1,8615,1992,0.96,4,2,1,5.6,0.9,1.8
241166,9,9305,2017,0.87,1,0,0,2.3,0.86,4.4
236182,9,13181,2012,0.05,4,0,0,9,0.79,2.6
118934,6,8576,1901,0.96,3,1,0,7.4,0.29,2.6
302709,9,9473,2017,0.94,2,1,1,7.2,0.05,4.5
315450,2,12389,1909,0.9,4,0,0,6.6,0.46,2.3
272921,9,12336,2018,0.39,4,2,0,4.4,0.92,2.3
356862,8,12390,1939,0.47,1,0,1,2.7,0.08,4.9
245497,2,10147,1955,0.38,1,0,0,3,0.84,2.6
197379,10,12288,1909,0.56,4,1,0,1.8,0.47,2.9
332461,7,10858,1980,0.83,1,2,0,7.2,0.3,3.3
239146,8,8102,1901,0.64,4,0,1,3.8,0.45,3.3
408308,2,15413,1911,0.17,3,0,0,3.4,0.91,1.3
267642,2,4411,1934,0.37,3,1,1,4.4,0.21,2.3
349174,7,12537,1907,0.79,2,1,1,5.2,0.05,2
324144,4,11025,1955,0.69,3,1,0,9.8,0.48,2.4
241212,5,10068,2017,0.58,4,0,0,6.6,0.51,3.7
418180,5,8166,1939,0.8,4,0,1,6.1,0.08,2
348217,1,9218,1970,0.58,1,1,1,5.3,0.95,2.3
306732,4,15417,1988,0.83,1,1,1,8,0.5,3.5
320741,7,9709,1994,0.31,3,0,0,2.5,0.74,2.3
350947,7,8847,1952,0.88,1,2,0,6.9,0.75,4.2
306737,5,7365,1975,0.78,3,1,1,2.3,0.7,1.9
75518,2,8513,1921,0.34,4,1,0,3.6,0.73,1.2
321366,4,9747,1986,0.81,3,0,0,6.6,0.03,1.6
272457,7,5927,1905,0.63,4,1,1,5.7,0.28,1.9
313892,6,13428,1985,0.28,4,0,1,7.6,0.1,3.2
343637,2,10293,1906,0.46,3,0,1,1.3,0.6,2
404980,7,14395,1991,0.4,3,2,1,6.6,0.19,3.3
245453,7,12971,1966,0.1,4,1,1,4.8,0.17,2
397691,10,14243,1906,0.78,2,0,1,7.3,0.28,3.6
325189,5,5992,1907,0.18,3,0,0,8.5,0.46,1.8
377888,8,11739,1979,0.75,2,2,0,2.2,0.95,4.2
369055,6,8915,1911,0.39,3,2,0,1,1,3.6
354066,2,9859,1904,0.04,2,2,0,4.5,0.44,2.3
221766,3,8202,1970,0.61,3,0,1,4,0.88,3.8
293236,9,10645,1979,0.55,1,1,1,8,0.25,1.1
346764,3,10281,1918,0.89,2,2,0,3.9,0.7,2.7
228486,9,3640,2019,0.06,2,2,0,9.3,0.45,3.8
259288,5,12557,1979,0.79,4,2,0,5.6,0.92,4.3
343575,5,10463,1905,0.79,1,2,0,2.6,0.9,3.2
357613,3,7084,1952,0.11,1,1,0,2.5,0.12,2.9
334783,8,6696,1956,0.54,2,1,0,1.4,0.65,2.6
233567,2,7929,2002,0.73,1,1,0,2.4,0.33,2.8
217516,1,5249,1952,0.36,4,1,0,5.9,0.36,4.4
413453,3,10413,1934,0.18,3,0,0,9,0.1,3.3
319344,7,14507,2015,0.62,3,2,1,6.8,0.01,1.3
306633,1,10579,1951,0.82,2,0,1,9.1,0.55,4.8
290933,8,11581,1989,0.35,3,2,0,8.3,0.76,3.4
210425,2,5550,1985,0.17,2,0,0,9.6,0.24,1
345900,3,5382,2016,0.8,2,2,0,9.3,0.36,3.7
283715,1,7311,2011,0.11,3,2,0,1.1,0.83,1.2
286293,6,12163,1991,0.71,3,2,0,5.3,0.6,4.7
370001,9,7346,1980,0.53,1,0,0,9.2,0.07,2
361633,3,11676,1908,0.05,1,1,1,1.8,0.45,5
404409,3,9344,1951,0.21,4,0,0,4.8,0.52,4.1
264287,1,11151,1972,0.89,3,1,0,1.5,0.41,4.6
348776,5,6883,1999,0.86,2,1,0,4.8,0.27,2.9
404333,6,7153,1912,0.86,4,0,0,1.4,0.67,3.1
216691,6,9688,1955,0.15,3,1,0,6,0.94,2.7
235441,4,9374,2001,0.75,4,2,1,5.4,0.6,3.9
215120,3,4634,1902,0.7,1,2,1,2.6,0.81,2.3
190559,7,11611,1915,0.93,4,1,0,6.9,0.51,4.8
305999,10,4151,1945,0.84,4,2,1,5.9,0.57,3.5
348990,2,8754,1929,0.81,4,2,0,3.3,0.96,2.2
390072,1,10165,1930,0.36,1,0,0,1.3,0,4.4
378356,3,7894,2000,0.23,3,0,1,9.2,0.16,2.6
224759,3,5788,1966,0.67,1,2,1,2.9,0.96,2.7
438636,1,8804,1973,0.07,3,1,1,7.4,0.69,1.4
249992,4,9669,1954,0.28,4,2,1,9.7,0.28,3.5
307914,1,7228,1902,0.51,1,0,0,4.7,0.64,1.4
268331,8,5928,1975,0.13,1,0,0,5.2,0.75,2.1
290824,2,6416,2001,1,1,0,1,7.8,0.25,1.8
314114,1,8415,1926,0.01,4,1,1,4.5,0.79,3.9
308937,6,8642,1975,0.7,1,2,1,7.1,0.05,1.3
298118,5,14258,1949,0.18,1,0,0,6.5,0.32,4.8
308105,2,6143,1975,0.07,4,2,0,4.3,0.66,3.3
263592,10,11143,1957,0.65,2,0,0,5.3,0.47,2.9
262184,2,8748,1981,0.43,1,1,1,7.1,0.75,4.7
175418,7,10279,1956,0.53,2,2,1,4.8,0.93,1.7
271325,4,8009,2009,0.54,1,1,1,9.1,0.77,1.5
261551,7,12408,1955,0.15,3,0,0,5.3,0.72,4.1
502642,6,4891,2016,0.72,2,0,0,8.1,0.59,1.1
197841,9,10462,2020,0.47,3,0,1,9.1,1,1.4
310294,2,10078,2004,0.39,1,2,0,7.6,0.64,3.6
187978,3,13168,1997,0.01,2,0,1,8.1,0.28,1.4
189717,6,9327,1980,0.95,2,1,0,3.8,0.49,1.7
309353,9,11490,1943,0.79,2,1,1,5.1,0.29,2
225252,3,11199,1913,0.7,2,2,0,6.1,0.38,1.3
299863,4,8059,1997,0.19,2,0,0,8.9,0.31,3.2
267881,7,9749,1998,0.5,2,0,1,2.3,0.77,2.7
253975,7,9599,1990,0.45,1,0,1,6.6,0.51,2.6
148149,10,13359,1951,0.12,1,0,1,6.7,0.67,4.2
208144,2,10718,2013,0.66,2,0,1,5.3,0.5,1.2
313464,10,10872,1906,0.58,3,1,0,4,0.98,1.5
342572,10,17031,2015,0.2,3,1,1,3.3,0.15,2
263034,4,11249,1915,0,3,1,1,2.8,0.4,2.3
300005,10,11087,1932,0.93,2,0,1,7.9,0.52,4.1
384217,4,11595,1941,0.43,2,2,1,2.6,0.11,3.4
407989,4,14644,1973,0.62,3,1,1,7.6,0.11,4.2
217716,1,12884,1974,0.16,3,1,1,5.7,0.32,3.5
291201,7,11015,1970,0.67,4,0,1,8.2,0.82,3.7
390112,4,8167,1910,0.66,2,2,1,4.7,0.61,1.9
264770,9,11071,1938,0.79,4,0,1,1.8,0.54,3.6
296065,7,10425,1940,0.75,2,1,1,2.7,0.77,2.5
293542,2,4491,1932,0.82,4,2,0,7.3,0.14,3.4
233424,5,5377,1940,0.25,2,1,0,5.8,0.54,3.8
266649,6,4617,1993,0.71,3,2,1,1.6,0.98,2.5
297792,3,14244,1927,0.17,4,0,0,9.6,0.66,4.2
268960,10,11855,1924,0.99,4,2,1,2.7,0.89,4.2
383504,3,2949,1966,0.64,2,2,0,9.6,0.62,1.9
263926,1,11401,1976,0.27,1,0,1,6.1,0.92,3.9
267512,10,10191,1960,0.21,1,2,1,3.1,0.81,1.8
352265,8,9231,1907,0.94,4,0,0,3.9,0.74,4
220772,6,7766,1957,0.04,4,2,1,3.3,0.97,2.5
296948,1,6193,1997,0.09,1,0,1,6.3,0.78,2
183634,7,12588,1998,0.16,3,0,0,5.7,0.89,1.8
387538,5,8269,1930,0.31,1,0,0,2.9,0.64,3
279477,1,9603,1993,0.71,4,2,0,4.3,0.69,4.9
264912,1,11760,1976,0.32,2,1,1,1,0.54,1.1
207131,3,11605,1921,0.59,2,0,0,9.7,0.63,5
299418,6,8820,1965,0.18,2,1,0,7.3,0.98,1.1
239979,6,8378,2006,0,4,0,1,7.2,0.15,2.9
259988,3,10778,1915,0.54,4,0,1,8.7,0.44,2.8
396576,9,6465,1938,0.11,1,2,0,7.4,0.74,1.4
286836,10,10918,1992,0.74,4,0,1,9.8,0.57,1.8
219616,10,10520,1948,0.84,4,0,1,7.4,0.08,4.3
312241,1,10752,1905,0.21,1,0,1,9.9,0.33,2
272795,2,9166,1902,0.64,3,0,1,4.5,0.31,2.3
344251,6,4826,1900,0.64,1,1,1,6,0.38,2.5
407432,2,3980,2001,0.17,3,2,1,8.2,0.98,1.8
225548,2,6125,1908,0.74,2,1,1,1.9,0.48,3.9
334099,4,11098,1999,0.77,2,1,0,1.8,0.31,1.6
306367,8,9543,1979,0.54,2,0,0,5.4,0.82,3.7
367167,10,7798,1957,0.59,1,2,1,5.5,0.7,4.1
282767,5,7654,1991,0.21,4,0,0,7.7,0.72,4.5
362746,3,11655,1973,0.57,1,2,1,9.2,0.71,1.4
169121,2,5167,1938,0.14,2,1,0,3.1,0.94,1.2
426709,5,12245,1963,0.08,4,1,0,1.3,0.32,1.2
364858,3,11348,1976,0.2,2,0,1,7.8,0.43,3.7
288692,10,7390,1969,0.03,3,0,1,2.3,0.26,2.3
191324,5,9707,1944,0.7,3,1,0,2.4,0.06,4.4
348226,3,12679,1990,0.14,2,2,1,2.2,0.81,3.1
336240,9,14053,1901,0.96,2,0,0,3.3,0.54,4.5
299523,4,14467,1958,0.98,2,0,0,7.9,0.97,4.1
311359,4,11113,1936,0.27,4,0,0,9.1,0.47,4.4
256192,4,9357,1904,0.35,1,0,0,5.4,0.57,4.7
327661,1,11366,1958,0.93,3,1,1,9.4,0.38,2.4
322099,1,9226,1912,0.35,4,2,0,4.6,0.2,3.3
279056,2,6991,2011,0.15,1,0,1,8.8,0.87,3.6
199782,4,12532,2011,0.43,3,2,0,7.9,0.5,1.3
352556,8,12084,1960,0.28,3,2,0,1.8,0.18,3.2
341565,8,13783,1955,0.52,1,0,0,1.3,0.01,3.6
237277,10,15000,1998,0.47,4,0,1,8.5,0.64,4.8
180406,10,14416,1973,0.6,1,1,0,8.4,0.23,4.4
315372,2,12368,1985,0.33,2,1,1,2.7,0.22,4.2
274118,5,9891,1981,0.85,3,2,1,3.8,0.88,1.9
318946,3,9726,1967,0.57,4,1,0,7.7,0.97,1.8
202950,3,8761,1950,0.76,2,2,1,6.8,0.07,1.8
228062,4,7657,1903,0.8,2,0,1,2.8,0.66,3.5
381433,4,8830,2020,0.99,3,0,0,8.6,0.53,3
330283,3,11842,2004,0.85,4,2,0,3.7,0.36,1.7
343987,3,11154,1974,0.98,1,2,0,3.3,0.98,4.8
436142,2,6383,1919,0.78,2,2,1,6.2,0.33,3.8
309662,10,13594,1978,0.87,3,0,1,9.6,0.14,3.7
149930,5,13873,1976,0.07,1,0,1,5.1,0.6,4.3
325033,2,14449,1910,0.02,3,0,0,4.9,0.27,4
387849,7,6329,2006,0.28,1,0,1,2.6,0.77,1.7
454465,4,8760,1987,0.94,3,2,1,8.1,0.45,1.3
196735,10,8771,1952,0.36,4,1,1,5.1,0.71,2.3
213686,7,8647,1963,0.6,1,1,0,1.5,0.87,4.5
247063,2,8306,1908,0.76,1,1,1,7.2,0.51,3.9
220946,9,8320,1965,0.8,2,0,0,2.7,0.31,1.7
251569,1,7088,1980,0.06,4,1,0,8.2,0.76,3.3
286097,2,8312,1930,0.24,1,2,1,5.2,0.17,2.7
209908,9,9004,1915,0.25,3,0,1,9.8,0.84,1.6
452773,1,10581,1920,0.77,1,0,0,8.5,0.39,2
308083,4,11817,1980,0.75,4,1,1,8.6,0.97,1.4
293692,7,12874,1947,0.96,1,2,1,5.9,0.29,2.4
337171,2,7598,1959,0.83,1,0,0,2.2,0.06,3.3
302806,7,10128,1930,0.58,1,0,1,1.7,0.63,1.8
290093,1,17007,1910,0.61,3,0,1,7.1,0.49,3.5
410759,8,8614,1909,0.32,4,0,0,7.4,0.45,4.2
283723,1,12221,1937,0.95,1,2,1,6.6,0.79,3
203730,2,7905,1941,0.72,1,0,1,6.3,0.41,2.4
328925,5,13196,1925,0.01,3,1,1,6.9,0.08,4.9
273637,4,11637,2013,0.67,4,0,1,8.6,0.12,1.6
260865,8,7245,1946,0.59,1,0,0,8,0.23,5
219890,7,13076,1985,0.48,3,1,0,5.1,0.96,5
332127,8,13377,1928,0.47,4,0,0,8.5,0.59,5
286949,6,12648,2004,0.03,3,2,1,9.9,0.18,3.7
338675,4,1696,1917,0.16,4,1,1,7.8,0.63,1.2
282423,5,10431,2017,0.67,2,2,0,2.2,0.03,3.6
250612,2,14560,2019,0.29,2,0,0,7.7,0.18,3.6
393768,8,9486,1922,0.51,3,2,1,7.6,0.29,1.2
279618,7,8026,2002,0.6,2,1,1,2.4,0.53,2.6
371096,3,9537,1987,0.63,3,0,1,9.5,0.15,4
209881,3,2851,1918,0.89,1,0,1,1.1,0.16,3.1
265041,9,6585,1905,0.71,2,1,1,3.9,0.91,4.2
279799,7,9738,1914,0.6,1,2,1,8.1,0.04,3
270678,2,12506,1912,0.57,4,2,0,7.7,0.46,3
401153,10,10636,1963,0.74,2,0,1,8,0.34,3.9
298293,6,11924,1988,0.77,4,1,0,6.7,0.21,1.1
318317,4,6904,1960,0.18,4,2,1,4.1,0.31,4.4
229322,5,14457,1923,0.55,1,0,1,4.1,0.61,4.5
245309,4,13571,1978,0.33,3,2,1,5.2,0.44,3.5
374855,1,11852,1954,0.75,2,2,1,9.6,0.65,4.9
394386,4,9481,1910,0.48,1,2,0,3.2,0.15,4.4
393665,6,12585,1963,0.01,1,0,1,4.5,0.85,2.9
196452,2,8140,2008,0.56,3,0,0,7.2,0.46,3.5
453747,10,7365,1928,0.81,2,2,1,2.9,0.28,2.3
376265,3,3314,1908,0.7,2,2,1,2.2,0.19,4
297996,10,10580,1926,0.47,3,1,1,1.3,0.11,3.1
352771,4,3062,2003,0.43,2,0,1,4,0.81,2.8
227146,9,9927,1901,0.89,2,0,0,8.4,0.84,4.8
217788,8,11324,2018,0.78,1,0,1,5.6,0.72,3.4
303679,9,12369,1910,0.01,2,1,0,2,0.52,1.7
210113,2,13065,1925,0.6,1,2,1,7.6,0.73,2.8
314251,7,11846,1974,0.99,2,0,1,7.5,0.37,4.2
397328,10,7421,1981,0.09,3,0,1,6.7,0.6,3.3
222459,9,12672,1989,0.51,4,0,1,7,0.63,1.1
244617,10,10190,1927,0.64,1,0,0,8,0.07,3.3
303492,9,4406,1932,0.95,2,2,1,1.1,0.48,1.7
223680,8,9661,1907,0.04,2,2,0,9.7,0.03,3.8
271254,2,4650,1916,0.68,4,2,1,6,0.31,1.2
365457,1,6840,1981,0.26,1,2,0,3.5,0.34,3.2
372716,6,8142,1920,0.8,2,0,0,5.8,0.3,3.3
328788,3,8239,1966,0.61,1,1,0,4.5,0.7,1.9
161133,3,12781,1962,0.88,3,2,1,8,0.42,1.7
295950,1,9804,2004,0.1,2,1,0,2.9,0.48,3.7
379858,9,7189,1918,0.18,2,1,0,2.6,0.36,1.6
360990,6,8098,1951,0.45,1,2,1,2.8,0.1,2
285689,6,8274,1976,0.74,1,0,0,9.1,0.55,1.7
97505,8,10565,1947,0.46,1,0,0,10,0.23,4.9
304572,3,11619,1952,0.57,1,1,0,8.7,0.85,2.2
343031,9,8737,1960,0.45,3,0,0,5.1,0.82,1.4
303435,7,8982,1939,0.2,1,1,0,9.9,0.18,2.7
311806,6,11554,1992,0.19,4,2,0,1.4,0.57,4.9
332367,2,7392,1924,0.01,4,2,0,9.4,0.86,4.8
270259,3,9518,1991,0.73,3,0,0,4.1,0.93,3.3
398248,7,9572,1966,0.71,1,2,1,2.8,0.68,4.6
335280,9,7704,1902,0.76,2,0,0,7.4,0.5,2.7
206800,8,8021,2010,0.7,4,0,0,5.8,0.19,2.4
403618,6,9078,1908,0.35,1,0,0,5.1,0.61,1.3
390334,1,7354,2007,0.59,2,0,1,3.6,0.37,4.1
361806,3,9714,1980,0.67,1,1,0,9.6,0.89,2
175303,5,6172,1923,0.3,2,0,1,1.6,0.86,3.2
257302,8,11127,1968,0.2,3,0,1,5,0.55,2.6
347664,7,8592,1910,0.44,1,0,1,1.3,0.92,2.4
303279,9,12397,1977,0.51,4,0,0,9.7,0.45,1.8
326101,9,11279,1975,0.5,3,0,0,5.4,0.61,3.7
484470,5,8464,1983,0.78,2,2,0,8.7,0.36,2.9
238621,9,8957,2010,0.67,4,0,0,2.1,0.43,3.2
141510,6,11828,1944,0.6,4,2,1,7.3,0.48,2.6
320527,10,12206,2020,0.93,3,2,1,6.7,0.03,4
248430,5,11430,1984,0.56,2,0,0,6.2,0.7,1.2
333453,5,10985,2005,0.66,3,1,1,8.1,0.03,2.5
239071,9,4656,1914,0.91,4,1,1,7.1,0.31,4.5
465904,10,10358,1925,0.75,1,2,0,9,0.73,2.3
290722,1,5745,1990,0.23,2,0,0,9,0.86,3.4
264200,8,10228,2015,0.79,2,1,0,4.6,0.61,2.3
287530,10,8018,1992,0.78,2,2,1,7.3,0.08,1.3
364692,2,9683,1941,0.35,1,2,0,8.8,0.82,4
307301,3,6460,2020,0.59,3,2,1,2.5,0.55,4.7
178079,8,9507,1960,0.39,4,2,0,8.8,0.94,3.7
299653,3,14558,1929,0.23,1,0,1,3.5,0.83,3.2
357018,9,15475,2015,0.79,1,0,0,6.8,0.87,4.1
302924,9,2534,2017,0.47,3,1,1,4.8,0.31,2
355130,4,5037,2004,0.72,1,2,0,3.6,0.34,2.1
289015,2,5737,2006,0.35,4,2,0,7.6,0.99,1.9
295658,6,6171,2014,0.32,3,1,1,8.5,0.83,2.3
336178,10,16237,1988,0.75,4,2,0,4.8,0.57,3.1
374471,9,13047,2006,0.67,4,0,1,1.3,0.3,1.4
206520,5,9671,1924,0.66,2,2,1,4.7,0.84,3.4
297488,1,12945,1966,0.9,1,2,0,9.2,0.79,1.3
294678,7,16784,1970,0.03,1,0,1,2.9,0.88,1.1
243081,7,11911,1930,0.59,4,2,1,9,0.92,3.9
222423,4,15327,1913,0.95,1,2,1,5,0.11,1.6
252695,9,6557,2002,0.55,3,0,0,5.1,0.52,1.3
344011,7,6762,1922,0.02,3,0,0,1.1,0.07,1.2
268776,3,13204,1912,0.79,2,1,1,6.4,0.8,2.4
241133,5,12675,1936,0.75,4,1,1,6.7,0.01,3.8
312256,9,12610,1924,0.89,1,2,1,1.4,0.17,3.1
207246,9,11457,1908,0.23,4,2,0,6.7,0.04,3.9
378441,2,8587,1974,0.32,3,2,0,3.2,0.5,1.5
263655,7,12849,1976,0.86,3,0,1,9.3,0.38,4.9
314185,8,15543,1968,0.89,3,1,1,3.9,0.19,4.9
303825,4,13721,1943,0.65,4,0,0,7.7,0.12,3.9
299982,3,5858,1975,0.79,3,2,1,9.7,0.56,3.2
435704,1,11424,1987,0.92,4,1,1,9.2,0.91,3.1
238100,1,10037,2011,0.75,3,2,0,1.6,0.27,3.3
385910,3,10261,2010,0.43,2,1,0,2.4,0.3,3.9
302368,5,9453,2001,0.9,4,1,1,2.5,0.36,3.6
237360,6,6203,1913,0.01,4,0,0,4.8,0.88,3.4
294843,1,10994,1923,0.5,4,0,1,6.4,0.32,2.7
356008,3,14055,1980,0.41,2,1,1,5.8,0.35,2.4
268086,7,14910,2018,0.28,2,2,0,6.4,0.38,1.2
242094,5,11440,1951,0.54,4,2,0,2.6,0.75,3.5
311457,2,7791,1904,0.61,3,0,0,4.7,0.22,3.3
374145,7,8251,1999,0.89,3,2,0,1.9,0.41,4
294491,9,8166,2011,0.46,2,2,1,5.7,0.25,1.3
195973,8,11810,1999,0.12,1,2,0,4.6,0.87,1.3
201999,2,9293,1952,0.72,4,2,1,8,0.4,3.8
242370,7,18713,1992,0.39,1,2,1,5.7,0.85,1.8
260467,7,9195,1974,0.72,2,0,0,4.4,0.88,2.8
298393,4,10444,1934,0.32,3,1,1,10,0.36,2.4
350287,10,9380,1959,0.02,1,1,0,8.7,0.9,3.5
267404,8,8072,1912,0.93,3,0,0,2.7,0.83,2.8
216459,10,12543,1979,0.14,4,1,0,8,0.49,1.7
345533,3,8417,1994,0.05,1,0,0,9,0.51,4.3
320659,4,10007,1991,0.53,3,1,1,9.6,0.73,3.1
386801,2,9154,1930,0.86,4,0,1,6.7,0.54,2.2
173814,10,1515,1910,0,2,1,1,4.6,0.87,2.4
306549,10,11953,2009,0.88,4,1,0,9.1,0.46,1.6
401502,4,10473,1948,0.4,1,0,0,2.3,0.23,3.7
354313,8,7440,1942,0.45,3,0,1,5.2,0.22,2.5
237559,5,14089,1960,0.06,3,1,0,6.3,0.39,2.6
354940,6,6211,1983,0.8,1,0,0,2.3,0.39,3.6
234605,6,4666,1978,0.72,1,0,1,8.4,0.68,3
265995,9,7939,2004,0.7,1,1,1,9.8,0.95,1.4
389065,6,6447,1945,0.71,4,0,0,9.3,0.74,2.3
278239,7,12369,1977,0.24,3,2,0,8.2,0.79,1.6
362141,4,10258,1967,0.03,3,0,0,9.8,0.41,1.4
278158,10,8890,1964,0.24,2,1,1,3.1,0.8,2.6
181773,5,10028,1988,0.62,1,1,0,1.2,0.6,3
236339,1,7147,1936,0.02,4,2,1,5.4,0.1,1.5
218361,10,10545,1985,0.27,4,0,0,4.1,0.53,3
263678,3,10571,1943,0.94,2,1,1,6.8,0.06,4
274777,10,9785,1987,1,3,2,0,9.2,0.32,3
288498,2,9991,1996,0.9,4,0,0,6.5,0.99,4.6
281756,9,6675,1981,0.15,4,1,0,2.5,0.01,1.5
441915,4,12806,1922,0.9,4,0,1,5.3,0.25,3
196050,5,5542,2014,0.51,3,0,1,4.2,0.74,4.3
268888,8,16686,1943,0.49,3,2,0,2.5,0.92,4.5
326181,2,14872,1934,0.62,1,1,1,2,0.75,3.9
422133,6,11559,1952,0.28,1,0,0,9.9,0.75,4.2
306639,10,5944,1957,0.1,3,2,1,2.9,0.8,2.6
392936,3,11278,1932,0.05,4,1,1,6.2,0.7,2.3
176658,8,5010,1999,0.61,1,0,1,3.1,0.41,3.9
408477,7,9190,2005,0.28,3,2,1,7.4,0.49,3.6
248208,3,12372,1911,0.03,4,1,1,2.8,0.96,1.3
279268,6,12522,1978,0.18,2,0,0,8.7,0.53,1.5
216794,8,10099,1984,0.64,4,2,1,7.4,0.8,1
310040,9,9286,1998,0.09,2,2,1,2.4,0.1,4.7
433900,7,10791,1985,0.95,3,2,0,1.2,0.89,3.5
481662,10,5225,2000,0.62,1,2,0,3,0.77,3.8
219238,3,8871,1932,0.81,1,1,1,5.5,0.52,4.8
336446,3,15438,1955,0.32,4,0,1,3.9,0.07,4.6
404139,3,4786,1926,0.8,3,1,0,9.3,0,2.1
285326,7,14887,1939,0.67,3,2,0,1,0.67,2.5
283637,1,11584,2005,0.12,3,1,0,1.8,0.84,3.1
277142,4,8919,1938,0.22,2,0,1,6.9,0.84,1.1
344837,2,16713,1920,0.61,4,0,0,7.1,0.25,4
404807,3,9879,1909,0.98,3,0,1,6.7,0.61,2.9
351571,2,15682,1977,0,3,0,0,2.1,0.16,4.3
324014,10,10074,1984,1,4,0,0,9.9,0.19,3.7
277360,7,11660,1948,0.5,3,1,0,4.5,0.34,1.3
337376,1,8277,1900,0.93,1,1,1,4.6,0.23,4.1
258785,3,7215,1973,0.34,3,1,1,6.1,0.96,3
279056,4,3999,1925,0.46,4,1,0,7.9,0.93,1.3
382239,4,8134,1901,0.5,4,2,0,8.5,0.01,1.6
333151,5,12181,1955,0.74,2,2,0,4.7,0.86,4.9
318076,4,6693,1979,0.31,2,1,1,6.3,0.27,2.6
280829,6,6522,2008,0.08,2,1,0,4.3,0.35,4.7
369827,7,8683,1912,0.07,2,1,1,3.1,0.89,1.9
400118,2,10477,1976,0.09,1,2,1,8.1,0.61,1.6
234805,8,8516,2014,0.55,4,2,0,8,0.33,2.7
304162,4,13637,2005,0.33,3,1,0,4.5,0.1,3
303680,1,10878,1900,0.51,4,2,1,1.5,0.89,2.5
256623,3,9892,1980,0.95,4,1,0,6.6,0.52,2.3
225095,9,6692,1929,0.49,1,0,0,7.9,0.89,1.4
299818,5,7193,1930,0.41,2,0,1,2.2,0.2,4.8
349163,7,11383,1986,0.46,2,0,1,2.5,0.98,2.4
410763,9,9003,1910,0.82,1,0,1,3.4,0.98,4.5
156814,5,13318,1916,0.57,1,2,1,2.1,0.81,4.2
247317,6,5099,1989,0.48,1,1,0,5.6,0.73,1.7
276643,4,11006,1924,0.14,2,2,1,5.9,0.04,2.6
175263,2,8426,1992,0.36,1,2,0,6.5,0.18,4.5
243710,6,14390,1907,0.07,3,2,0,1.2,0.02,1.5
241699,4,11282,1947,0.58,3,1,1,3.8,0.65,3.7
245807,1,6925,2011,0.29,2,0,0,3.2,0.01,3
135837,2,6076,1932,0.45,1,1,1,3,0.97,2.8
316006,8,10689,1934,0.44,2,0,0,2.9,0.12,1.3
252606,2,9079,1951,0.93,1,2,1,5.7,0.52,3.8
414037,3,9749,1964,0.82,2,1,0,2.2,0.02,1.8
359697,5,9503,1908,0.09,1,0,0,10,0.93,3.9
190985,9,11965,1947,0.59,3,2,1,6.2,0.36,2.6
307380,2,6775,1932,0.54,1,2,1,4.1,0.21,4.6
255467,4,20413,1901,0.04,3,0,1,5.9,0.1,1.7
366621,1,10882,1954,0.49,3,0,0,3.4,0.14,1.2
303980,7,8391,1987,0.35,4,1,1,7.3,0.02,2.5
258223,10,9566,1999,0.45,2,0,1,3,0.39,3
332880,5,11626,2017,0.29,2,2,1,9.6,0.11,4.5
311446,1,11903,2005,0.26,1,2,1,7.2,0.89,2.4
287654,8,4675,1980,0.82,2,2,0,4.9,0.29,1.1
451492,8,3802,2013,0.76,1,2,0,8.3,0.99,1.6
260296,7,9730,1921,0.46,1,0,1,9.8,0.41,1.1
264691,3,12510,1977,0.07,1,1,1,1.2,0.42,3.7
184055,5,10499,1979,0.83,4,1,0,1.3,0.1,3
296960,1,13077,1978,0.77,3,0,1,3,0.58,3.1
366777,7,11210,1911,0.73,3,0,0,1.4,0.93,2.4
144646,9,11235,2006,0.01,3,2,1,5.5,0.59,3.7
281245,7,15041,2013,0.07,3,0,1,2.4,0.42,2.7
211376,1,6814,2005,0.94,2,1,0,6,0.31,4.5
408145,7,7626,2006,0.93,1,0,1,4.6,0.81,3.7
401842,7,11166,1969,0.76,1,1,1,6,0.48,4.5
325088,3,10762,1996,0.35,4,0,0,5.2,0.76,4.4
407200,1,3438,2001,0.52,2,2,0,1.6,0.96,4
234951,1,11613,1918,0.89,1,2,1,9.5,0.81,2.5
371299,6,6130,1952,0.01,4,1,1,4.9,0.16,3.9
256124,5,6323,1994,0.67,3,2,1,3.9,0.46,4.3
324072,4,15181,1968,0.47,2,1,1,1.1,0.11,1.5
277545,4,13481,1932,0.73,2,2,1,8.7,0.5,4.8
279109,7,7756,1973,0.23,2,2,1,7.9,0.49,1.9
340959,6,15000,1915,0.66,3,0,1,6.1,0.12,1.6
202213,2,8411,1919,0.88,3,0,1,7.3,0.38,1.8
281181,9,13086,1972,0.13,3,2,0,8.3,0.77,4.5
312826,10,14130,2001,0.05,2,1,1,7.2,0.43,3.8
269740,2,13993,1937,0.76,4,1,0,8.8,0.12,4.8
307849,5,13764,1912,0.05,1,2,1,7.9,0.07,4.4
276084,8,9138,1936,0.78,3,2,1,1.3,0.7,4.2
421376,7,8360,1974,0.41,4,1,0,5.2,0.2,1.7
353564,1,13762,1959,0.15,3,1,0,7.6,0.38,4.3
522440,8,9785,1981,0.48,3,0,1,5.2,0.44,3.4
240369,3,7953,1914,0.15,1,0,1,3.9,0.05,1.6
361077,2,6925,1927,0.27,4,1,1,9.1,0.18,4.5
457352,6,13905,1919,0.88,1,1,1,3.9,0.29,3.3
322574,7,12274,1914,0.43,4,1,1,1.5,0.9,4.7
218769,3,14439,1938,0.79,1,1,0,2.3,0.68,3.6
224526,3,8141,1948,0.4,4,2,0,7.1,0.52,3.8
297344,2,10779,1962,0.96,2,0,1,4.2,0.26,2.7
398184,5,6740,1957,0.3,3,0,1,1.1,0.01,3.9
356280,6,10259,1901,0.59,4,1,0,1.8,0.77,1.8
139622,9,7461,1924,0.25,2,2,1,8.8,0.84,3.3
247473,3,11167,1924,0.98,4,0,1,2.8,0.16,3.3
299321,2,9887,1932,0.44,2,2,1,1.6,0.97,1.9
190640,6,14337,1971,0.21,1,1,0,5.5,0.47,1.8
352090,10,10952,1995,0.83,4,1,1,5.5,0.54,2.6
115400,1,8788,1932,0.94,1,2,0,4.6,0.05,4.6
310747,5,4779,1943,0.97,3,1,0,7.2,0.52,3.3
270658,4,8642,1947,0.39,4,1,0,7.9,0.26,4.8
263163,2,8242,1980,0.85,3,1,0,6.3,0.31,2.7
278726,3,13444,1938,0.33,2,0,1,1.1,0.19,3.3
323610,6,11372,1905,0.52,1,2,1,1.6,0.22,2
329724,10,8237,1985,0.33,1,2,1,8.2,0.28,1.2
283080,6,10684,1903,0.11,4,1,0,8.5,0.8,2.5
155629,9,10402,1918,0.15,2,1,0,7.1,0.4,4.3
192058,10,10988,1900,0.82,2,0,0,4,0.61,1
189776,10,9107,2019,0.33,2,0,0,1.9,0.62,1.8
357140,3,13555,1904,0.93,1,2,0,5.6,0.68,2.7
281729,3,13929,1968,0.35,4,0,1,3.8,0.27,4.4
320226,6,6489,2008,0.43,4,2,1,6.3,0.38,1.3
183080,8,12988,1944,0.4,4,0,1,4.3,0.76,4.8
259831,1,7759,1929,0.42,2,2,1,9.6,0.61,1.5
342184,4,10666,1992,0.3,4,1,0,5.4,0.18,3.5
286626,1,13003,1988,0.89,4,2,0,1.1,0.31,4.1
291365,2,11482,2004,0.66,3,1,0,2.2,0.68,3.9
294595,7,9975,1988,0.57,4,2,0,6.2,0.32,1.9
390818,4,10288,1930,0.93,3,0,1,2,0.3,2.9
253883,5,16752,1989,0.99,1,1,0,6.9,0.16,1.3
350709,7,14310,1957,0.11,2,0,1,9.7,0.97,2.2
367395,5,10031,1939,0.48,4,2,0,10,0.32,1.6
210801,4,9038,2003,0.67,3,0,1,2.6,0.47,1.8
309094,1,15525,1913,0.05,2,0,1,5.3,0.71,4.6
299158,4,10270,1922,0.44,3,1,0,2.8,0.76,2.8
377186,7,11208,1940,0.85,2,0,0,2.1,0.72,2.6
368608,4,13928,1931,0.65,2,2,1,5.6,0.8,4.7
299816,2,8160,1997,0.64,2,1,0,9.2,0.45,4.2
310201,8,8694,1979,0.15,4,0,0,8.6,0.31,4
245988,2,8854,1916,0.4,3,2,1,1.7,0.91,1
285141,9,10514,1952,0.04,4,2,0,2.5,0.72,2.7
222809,5,2750,1946,0.1,2,2,1,9.1,0.96,3.2
227478,3,8745,1964,0.67,4,2,0,6.5,0.19,1.6
208439,2,12122,1985,0.81,1,0,0,1.2,0.26,1
362716,2,10935,2003,0.24,4,0,0,8.9,0.87,2.5
383623,10,11052,1901,0.72,2,0,0,1.6,0,3.5
269029,5,5239,1962,0.75,1,0,0,6,0.81,1.8
215327,10,10650,1954,0.61,2,0,0,6.7,0.51,3
293405,8,9656,1910,0.03,3,2,1,4.8,0.48,4
468143,1,10061,1904,0.94,1,2,1,1.6,0.65,1.1
453098,3,12678,1963,0.74,3,0,1,6.7,0.37,1.4
171015,8,14344,1923,0.14,1,1,1,9.4,0.01,4.8
273232,9,9244,1930,0.38,2,0,1,5.9,0.07,3.3
414996,5,8208,1995,0.58,4,1,1,2.1,0.64,2.3
297132,9,9257,1941,0.99,4,0,1,2.4,0.62,4.5
419806,6,12323,1971,0.4,1,2,1,8.6,0.42,1.4
274981,4,9644,1936,0.2,4,0,0,6.6,0.79,3.9
345374,10,8747,1924,0.7,3,1,1,5.2,0.92,3.8
316818,7,9843,1939,0.93,1,1,1,2.7,0.15,2.6
542180,4,14062,1987,0.67,1,2,1,6.3,0.51,1.5
369034,2,7238,1917,0.85,1,1,1,9.8,0.75,4.4
209510,9,9068,1984,0.45,3,2,1,8.6,0.2,3.9
254709,9,6833,1905,0.27,2,2,1,2.7,0.77,4.9
327768,5,16716,1982,0.07,4,1,1,1.7,0.61,4.1
157425,2,8581,1987,0.43,3,0,1,9.5,0.97,3
164669,6,12718,1911,0.52,4,2,0,7.8,0.8,4.2
215863,3,10114,1980,0.28,1,0,0,7,0.2,1.8
273905,9,9474,1903,0.93,4,1,0,2.4,0.7,4.1
392918,1,8915,1906,0.54,2,0,1,7.5,0.65,2.4
279435,6,7589,1947,0.02,4,1,0,2.5,0.82,2.2
312179,1,14025,1953,0.56,2,1,1,5.5,0.02,4.5
295154,9,11878,1971,0.3,2,2,1,6,0.23,1.6
247107,10,10093,1948,0.16,1,2,0,1.7,0.55,4.8
402165,4,6715,1996,0.69,3,2,1,6,0.65,2.5
217762,7,8541,1921,0.7,4,2,1,5.4,0.76,2.6
282867,5,12859,1982,0.14,2,0,1,2.9,0.35,1.3
273913,5,7016,1936,0.89,3,1,1,4.7,0.9,2.4
339910,7,8284,1968,0.15,2,2,1,1.7,0.59,2.6
420543,2,12350,1997,0.92,3,0,1,9.9,0.13,2.4
338536,4,11144,1903,0.16,4,1,1,4.2,0.38,1.3
403678,10,8200,1909,0.14,1,1,0,6.9,0.71,1.4
357232,1,14958,1942,0.22,4,2,0,4.1,0.82,4.2
253156,2,6428,1944,0.47,3,2,1,5.1,0.48,3.4
306116,1,14247,1920,0.64,3,1,0,9.9,0.68,2.9
403206,7,12443,1922,0.29,2,0,0,5.8,0.66,4.1
182905,3,3707,2015,0.98,2,2,0,7,0.44,2.1
324358,8,10960,1910,0.53,2,1,0,9.8,0.86,2.9
288241,10,12403,2005,0.71,3,1,0,8.7,0.95,3.1
365834,9,7625,2016,0.55,2,0,0,1.5,0.52,4.5
356262,6,9968,1982,0.21,4,1,1,8.7,0.5,4.6
322579,4,5129,1976,0.2,2,1,0,5.2,0.95,3.7
411961,2,7277,1960,0.29,3,0,0,8.2,0.04,1.6
185588,7,10410,2000,0.48,2,2,1,6,0.21,3.5
368304,7,10814,2003,0.14,4,0,1,6.9,0.34,2.5
181535,2,9779,1946,0.85,3,0,1,6.5,0.91,4
344079,3,7677,1966,0.24,3,0,1,6.7,0.62,1
306723,3,11781,1982,0.43,3,2,1,9.2,0.87,3.6
372545,7,13983,1984,0.24,2,0,1,3.3,0.87,3.5
305911,6,8197,1904,0.35,3,2,0,3.1,0.05,1.9
182348,9,10170,1989,0.92,1,2,0,8.3,0.35,4.3
149413,2,8407,1968,0.72,1,0,0,1.2,0.37,4.8
340573,5,9757,1968,0.74,2,2,1,7.8,0.67,4.2
294497,6,10482,2015,0.58,1,2,0,3.7,0.11,1.9
257174,9,9694,2014,0.04,2,1,1,1.2,0.61,2.9
276670,10,8936,1947,0.67,1,1,1,2.9,0.85,1.3
249644,7,8586,1901,0.8,1,2,1,2.8,0.58,2.8
288199,8,10102,1977,0.76,1,0,1,1.3,0.96,2.2
230152,1,9398,1951,0.9,4,2,0,1.3,0.4,1.6
151274,1,8367,1945,0.38,4,1,1,6.2,0,3.3
283530,9,11132,1972,0.41,4,1,0,8.8,0.73,2.5
378396,6,11211,2020,0.36,2,2,1,6,0.99,1.6
440800,5,10511,2007,0.91,3,0,0,5.1,0.93,4.1
300195,5,6697,1954,0.14,3,0,1,2.5,0.56,4.4
293950,7,11207,1977,0.63,1,2,1,7.4,0.12,1
372224,5,11277,1962,0.16,4,2,1,9.9,0.55,3.3
304018,10,9151,1909,0.74,1,1,1,1.5,0.37,4.2
267383,10,11661,1911,0.8,3,2,0,9.4,0.08,1.6
169703,10,13793,1908,0.37,4,1,0,6.1,0.67,1.5
205223,5,10983,1940,0.4,1,1,1,3.4,0.55,4.9
330473,9,12295,1974,0.93,4,2,1,9.8,0.27,4.9
190526,9,13848,1992,0.49,4,1,1,9.2,0.27,3
378634,3,14977,1905,0.52,4,1,1,2.3,0.86,1.7
199018,2,8558,1905,0.33,4,1,0,2.1,0.84,1.5
285482,4,8776,1974,0.39,3,1,0,7.3,0.59,3.3
299825,7,9013,1925,0.3,2,0,1,6,0.09,3.2
299038,8,13303,1961,0.68,3,2,0,8.5,0.73,3.4
311396,3,11745,2004,0.76,1,1,0,9.9,0.15,4.9
344888,1,12873,1945,0.46,1,1,1,1.4,0.18,4.7
290534,9,10904,1983,0.38,4,1,0,8.4,0.69,1.8
281360,5,9135,1950,0.4,1,0,1,7.4,0.4,1.1
312025,1,5632,1918,0.19,4,2,0,4.1,0.46,1.3
267477,3,4886,1965,0.77,4,1,0,7.2,0.17,2.2
415306,2,16034,1947,0.2,1,1,1,1.1,0.38,2.2
137232,4,10012,1993,0.42,4,0,0,4.8,0.23,1.1
377025,8,11675,1991,0.64,3,1,0,7.9,0.15,3.7
281364,7,12083,1974,0.34,3,2,1,9.3,0.19,4.2
331674,3,14339,1909,0.05,4,2,0,2.8,0.67,2.5
374074,9,11900,2001,0.29,1,2,0,6.2,0.26,2.7
362668,10,10079,1905,0.62,1,1,1,9.6,0.29,3.6
250461,2,12229,1951,0.08,2,0,0,4.6,0.98,4
417305,7,11042,1905,0.08,2,0,0,9.1,0.41,2
178277,5,8114,1935,0.95,2,0,0,5.2,0.62,3.6
364792,7,12875,1909,0.32,2,0,0,6.7,0.6,3.7
261630,10,10493,1902,0.26,4,0,1,2.2,0.37,1.8
156198,6,9896,1971,0.1,4,1,1,9.3,0.96,3.7
160064,6,7238,1978,0.35,1,0,0,7.6,0.91,4.6
318388,3,13444,1902,0.97,2,2,0,1.6,0.5,2.8
466765,9,8830,1964,0.53,1,0,0,3.9,0.97,4.2
320503,1,9702,1966,0.74,4,1,0,9.9,0.13,3.4
384809,1,9916,1948,0.26,4,0,0,5.8,0.55,4.7
362900,4,9829,1999,0.61,4,2,0,9.5,0.34,3.4
250904,8,11667,2015,0.02,1,0,1,7.2,0.01,3.7
371547,9,12706,1942,0.81,2,1,1,9,0.15,3.6
326471,7,11610,1915,0.67,3,0,0,5.6,0.12,3.9
315495,5,5586,2011,0.9,4,1,1,7.1,0.7,4.7
375083,7,2772,1949,0.7,2,2,0,1.6,0.8,2.4
356059,9,8905,1953,0.06,2,2,1,2.9,0.21,4.5
253007,2,9456,1942,0.4,4,2,1,8.1,0.82,2.6
329642,9,9553,1957,0.21,2,2,0,3.8,0.35,4.9
233087,3,5822,1962,0.29,4,2,0,3.7,0.24,1.3
347311,1,7962,1932,0.78,2,0,1,4.1,0.51,4.9
267547,10,4543,2015,0.21,3,2,0,2.9,0.05,2.9
333910,6,17917,1967,0.32,2,1,0,9.2,0.26,2.7
327600,9,11640,1987,0.97,3,0,1,4.2,0.92,1.5
279721,9,9982,1931,0.66,3,0,0,1.2,0.45,3.2
334913,4,4330,2017,0.38,1,0,1,2.8,0.89,2.9
343077,9,9200,1968,0.67,1,1,1,4.4,0.23,1.6
282698,7,12461,1990,0.49,4,0,0,7.3,0.81,4.2
387918,3,12335,1913,0.52,3,2,0,7.4,0.59,1.2
404453,5,11362,1913,0.54,1,1,0,7.4,0.98,4
250351,7,14230,1921,0.97,4,2,1,1.4,0.96,4.4
241697,4,4567,1933,0.41,3,1,1,5.1,0.81,4.3
338515,4,6693,1941,0.5,4,1,0,3.7,0.37,3.6
231502,9,9942,1965,0.99,3,1,1,4.5,0.35,3.2
266293,4,10448,1953,0.45,1,2,1,9.5,0.72,5
360220,4,8403,1928,0.5,3,2,0,6.8,0.44,3.1
256989,7,13594,1971,0.73,4,0,1,6.1,0.11,3.1
155391,10,3872,1994,0.14,1,1,1,2.1,0.24,1.5
349829,8,6957,2019,0.55,3,1,0,8.8,0.43,2.7
179809,5,14812,1988,0.62,3,2,1,3.7,0.77,4.6
198405,5,12677,1984,0.05,2,1,1,5.2,0.33,4.2
73655,2,5447,1932,0.86,4,0,0,2.2,0.78,3.1
362343,10,12471,2000,0.5,4,0,1,8.4,0.71,1.2
318832,10,11097,1991,0.15,1,0,1,4.5,0.6,4.6
334672,5,6007,2015,0.11,1,2,1,7.4,0.53,1.8
363359,7,11079,1981,0.95,3,0,1,6.9,0.25,3.3
296852,4,12679,1978,0.58,2,0,0,8.7,0.51,4.4
217082,9,7015,2016,0.61,2,2,0,6.7,0.62,2.8
342283,8,11559,1974,0.29,2,1,1,5.6,0.96,3.4
397752,5,6293,1937,0.43,3,2,1,4.7,0.53,4.4
187483,6,11589,1910,0.02,2,2,0,2.4,0.4,3.5
254476,2,7051,1960,0.81,4,0,0,7.8,0.59,2.2
278082,1,8873,1930,0.31,2,1,1,1.8,0.56,3.2
203274,4,6875,1942,0.08,2,0,0,1.9,0.86,1.1
352058,2,12093,1903,0.44,3,1,0,8,0.52,1.4
255061,5,9567,1973,0.93,1,1,1,9.4,0.74,2.7
394268,10,11496,1942,0.9,1,2,0,4,0.37,1.2
304013,6,11852,1930,0.28,3,2,1,1.2,0.88,2.4
354607,6,9986,1955,0.72,1,0,1,2.9,0.81,1.2
417082,10,9726,1928,0.19,1,0,1,6.7,0.92,3.2
319922,3,11200,1988,0.75,4,2,1,7.8,0.78,4.1
380754,1,11767,1998,0.3,2,1,1,2.7,0.64,3.7
315802,9,9949,2006,0.67,4,0,1,6.9,0.98,2.9
186624,4,11256,1967,0.51,3,1,0,9.9,0.96,4.1
301680,5,12402,1912,0.01,1,0,0,2.1,0.54,2.9
353860,5,12040,1935,0.17,2,1,1,2.2,0.46,2.9
336709,6,13929,1924,0.61,4,0,1,1.4,0.62,4.3
286958,5,4326,1949,0.01,1,1,0,8.3,0.35,2.9
208673,8,11035,1975,0.78,3,1,0,1.6,0.64,4.5
348480,10,10464,1914,0.56,1,1,0,5.1,0.21,2
231266,5,7701,2012,0.08,4,0,0,9.4,0.97,1.3
206113,9,7741,1919,0.8,2,1,0,6.1,0.94,1.1
344620,10,11573,1995,0.24,4,0,1,7.1,0.31,3.7
207539,10,8934,1984,0.42,3,0,1,6.5,0.22,3.8
318327,8,9219,2005,0.09,1,1,0,4.5,0.52,4.8
300208,1,11522,1988,0.65,3,1,1,8.5,0.47,1.7
200384,2,13430,2013,0.64,4,2,0,7.3,0.48,4.8
388477,10,16200,2010,0.78,1,1,0,1.2,0.13,3
255540,9,12310,2020,0.48,1,2,0,5.2,0.19,3
389998,8,16006,1957,0.17,3,2,0,7.9,0.77,4.8
264372,7,13815,1983,0.85,1,2,1,1.6,0.55,4.3
256871,8,11001,2008,0.96,1,1,0,7.4,0.76,3.3
297658,7,10762,2016,0.43,4,2,1,8.3,0.12,4.1
273146,10,15793,1957,0.21,3,0,1,1.5,0.61,3.1
273255,1,6961,1928,0.74,2,2,1,8.5,0.18,4.8
234175,9,10193,1931,0.52,2,0,0,1.5,0.44,4.6
209033,3,10577,1933,0.31,2,1,0,1.8,0.53,4.8
345996,10,2980,1983,0.97,4,2,1,3.9,0.57,3.6
239535,8,8945,1997,0.61,2,2,0,9.3,0.93,1.7
196766,1,11040,1910,0.59,3,1,0,7.5,0.94,4.6
261911,8,1513,1977,0.1,3,2,0,5,0.74,1.9
239930,10,11104,1902,0.49,4,0,0,4,0.51,4.7
135541,4,9144,1981,0.09,3,0,0,3,0.96,4.9
278180,10,11328,1983,0.13,1,0,1,2.9,0.27,4
312538,9,12153,2015,0.31,4,1,1,10,0.2,3.7
322102,3,14272,1947,0.12,2,0,0,1.6,0.34,2
329456,8,4944,2002,0.64,4,2,1,4.9,0.89,2.4
224937,8,10125,1929,0.29,1,2,0,1.8,0.04,3.8
275570,2,8101,1936,0.86,2,1,0,1.4,0.95,3.9
224374,9,10090,1928,0.33,3,2,1,3.9,0.81,4.9
252343,3,9613,2016,0.21,1,2,0,5.8,0.16,2.4
209262,4,6472,1960,0.95,4,0,0,4.2,0.14,1.8
216265,5,4580,2011,0.28,3,1,0,7.6,0.02,4
347241,4,16361,1952,0.29,3,1,1,7.5,0.92,2.6
279561,10,6027,1957,0.3,3,2,0,8.8,0.39,2
280587,5,10825,1942,0.13,3,2,1,1.5,0.92,5
429717,4,6673,2015,0.85,4,2,0,6.8,0.73,3.9
295621,5,14523,1975,0.76,1,2,1,2.4,0.82,4
259720,6,4698,1979,0.74,2,2,1,5.1,0.63,4.7
356047,2,7334,1969,0.56,2,0,0,7.7,0.14,4.3
263456,1,6343,2009,0.3,2,2,0,3.5,0.76,3.8
402968,6,10151,1918,0.55,2,1,0,8.2,0.14,4.1
271675,1,8528,1934,0.39,1,1,1,7.5,0.08,3.3
253789,7,17155,1974,0.93,1,0,1,3.9,0.23,3.8
212391,10,9987,2020,0.84,3,1,0,3.2,0.26,1.1
324648,8,13995,1985,0.85,3,1,0,6.7,0.17,2.9
409988,5,12462,1993,0.65,3,2,0,8.3,0.9,2.6
273299,8,12057,1952,0.88,4,0,1,6,0.67,2.9
319610,7,11548,1903,0.97,4,1,1,4.2,0.54,3.1
325000,1,10821,1985,0.4,4,2,0,2.1,0.5,2.6
406664,7,7860,1962,0.31,3,0,1,1.2,0.47,3.8
349791,8,8971,1906,0.43,4,2,1,3.4,0.9,3
219476,5,11407,1936,0.4,3,2,0,8.2,0.61,2.5
247732,8,2573,1914,0.47,1,2,0,9.2,0.76,2.1
244040,1,4434,1904,0.31,2,2,0,4.5,0.85,2.9
310618,1,8738,1939,0.2,1,1,0,2.7,0.83,2.6
299704,4,4402,1969,0.4,4,2,0,5.6,0.02,3.5
327595,2,10341,1957,0.12,1,0,0,2.5,0.97,1.9
250699,7,11410,1980,0.96,2,1,0,9.5,0.06,2
271774,5,12654,1972,0.65,2,2,1,1.4,0.63,3.8
355602,7,13341,1914,0.4,2,1,0,4.9,0.78,3.3
292529,7,11701,2012,0.43,4,0,0,9.3,0.94,3.2
250928,9,11638,1986,0.05,3,1,1,6.3,0.96,3.1
372837,6,10720,1920,0.5,2,2,1,4.7,0.27,4.4
301012,3,10102,1936,0.13,1,0,0,6,0.46,1.3
231260,7,7576,1946,0.88,2,2,0,4,0.69,4.1
428227,9,16683,1910,0.94,3,1,1,9.4,0.3,2.2
212392,4,7622,2009,0.25,3,1,0,5.3,0.38,4.3
166422,1,15092,1963,0.22,2,0,1,4.4,0.49,2.6
131015,2,12817,1991,0.98,2,1,1,4.7,0.62,2.8
348834,9,16106,1941,0.16,2,0,1,2.9,0.23,2.6
260038,5,12195,1917,0.33,2,2,1,3.9,0,2.1
279333,8,8740,1991,0.7,2,2,0,3.1,0.2,1.4
321722,4,9071,1971,0.78,1,1,1,4.1,0.23,4.5
265014,10,5918,1990,0.3,2,1,1,1.2,0.11,4.1
179395,2,13113,1965,0.13,3,2,1,7,0.29,3.2
153766,1,10139,1951,0.94,4,1,0,1.3,0.68,4.5
274448,1,9827,1926,0.61,1,1,1,4,0.55,1.8
313104,1,10230,1936,0.42,3,0,1,9.1,0.55,2.7
129167,9,8099,2014,0.22,2,2,0,6.6,0.04,3.2
321789,3,8730,1909,0.88,1,1,0,5.3,0.16,1.5
331673,10,12330,1957,0.23,3,1,1,7.5,0.38,3.9
397105,1,13933,1922,0.44,3,2,1,5.8,0.43,3.8
312354,2,10175,1925,0.1,1,0,1,3.7,0.44,4.5
315372,3,10736,1923,0.11,3,2,1,6.3,0.68,3.8
345345,9,10697,1955,0.49,4,1,1,2.4,0.08,3.1
298564,4,10566,1973,0.67,3,2,0,9,0.21,1.6
294021,4,9275,1996,0.78,1,0,1,1.1,0.09,2.9
308699,3,11716,1915,0.02,1,2,1,4.5,0.13,2.7
355813,9,12117,1976,0.43,2,2,0,2.8,0.64,4.6
267653,2,10615,1990,0.37,1,0,0,4.9,0.55,3.5
262535,6,11656,1972,0.4,3,2,0,1,0.85,1.9
235113,2,8293,1911,0.01,2,1,1,8.4,0.69,1.4
228168,6,10578,1932,0.34,2,1,0,8.5,0.48,3.2
324510,3,11864,1967,0.75,1,1,1,8.8,0.17,2.9
416053,6,9678,1962,0.75,3,1,0,3.5,0.97,3.1
227336,6,9628,1953,0.95,1,0,0,8.5,0.03,1.2
285867,8,8605,2013,0.85,2,0,1,8.9,0.47,4.8
222750,7,11720,1905,0.49,4,2,1,2.1,0.69,2.8
368106,4,10765,2018,0.01,4,2,1,10,0.15,3
276196,3,18016,1989,0.67,1,1,1,6.2,0.3,2.5
313425,3,9597,1933,0.31,1,1,1,3.5,0.05,4.7
326102,7,10335,1914,0.52,1,1,0,3.9,0.96,3.1
220929,5,6970,2010,0.81,1,2,1,2.9,0.4,4.6
292144,2,12664,1936,0.93,2,2,0,3.9,0.54,4.1
282874,5,9078,1958,0.94,3,2,0,6.6,0.35,2.4
350652,8,10399,1916,0.06,1,0,1,6.5,0.86,2.5
207507,2,12836,1939,0.72,4,2,1,6.2,0.76,4.6
210003,4,14577,1963,0.01,4,0,1,9.4,0.66,4.9
357440,7,9258,1979,0.45,3,0,1,5.6,0.96,4.9
255893,10,8930,1971,0.67,1,2,0,1.4,0.47,1.9
250478,4,10624,2004,0.73,2,0,0,8.5,0.68,3.6
308476,5,13628,1990,0.81,2,0,0,2.8,0.87,4.2
275970,10,10350,1921,0.59,1,1,0,8.2,0.33,3.9
439979,6,10576,2001,0.1,3,0,1,5.4,0.74,3.3
319465,7,12360,1922,0.7,4,2,1,5.4,0.72,2.3
312117,5,12220,1998,0.54,4,2,0,4.2,0.48,3.8
369831,6,13260,1978,0.68,1,1,0,4.1,0.77,3.7
295504,5,4142,2011,0.52,1,2,0,8.2,0.88,4.8
303655,9,6453,1956,0.93,4,0,0,6.3,0.06,3.2
219534,8,6458,1933,0.14,4,0,0,4.8,0.93,1.6
128027,10,11131,1955,0.64,2,1,0,9.5,0.39,2.5
209459,8,5930,2016,0.43,2,2,0,3.9,0.62,4.4
308558,8,9314,1979,0.34,4,0,0,1.1,0.42,4.3
222503,1,11270,2006,0.22,4,1,1,9.3,0.83,1.4
351661,7,15823,1995,0.85,2,0,1,6.2,0.21,2.3
354381,2,9277,1965,0.4,4,1,0,8.4,0.19,3.6
316304,4,9937,2015,0.21,3,0,1,3.2,0.6,2.5
284876,7,10707,1970,0.54,3,0,1,2.4,0.79,1.3
197573,3,8214,1914,0.38,1,1,0,3.9,0.37,1.5
276830,6,401,1929,0.28,1,2,0,1.3,0.6,1.8
266032,4,14534,1906,0.01,4,2,0,2.9,0.25,1
349742,6,8969,2000,0.63,3,0,1,6.3,0.91,2
398147,5,7849,1963,0.58,4,2,1,1.9,0.25,2.9
337578,7,10864,1904,0.76,1,2,0,9.9,0.54,1.1
215378,4,8148,1944,0.74,3,0,0,2.8,0.44,3.5
425325,7,12761,1964,0.7,2,2,1,3.8,0.5,2.4
375776,2,8638,1990,0.04,3,2,1,9.6,0.59,3.1
316764,9,12567,1942,0.6,2,0,1,1.7,0.1,1.4
134514,2,9299,1938,0.99,2,0,1,2.1,0.61,2.1
228406,10,7065,1969,0.91,1,2,1,2.3,0.79,1
294857,4,12212,1939,0.18,2,2,0,3.9,0.39,2.1
357098,10,17325,1944,0.07,1,0,1,1.8,0.7,2.7
211507,7,7023,1915,0.1,4,1,0,1.7,0.52,2.3
540840,7,8678,1971,0.65,3,2,0,4.3,0.53,4
108463,4,6492,1939,0.37,4,1,0,8.6,0.6,4.9
282305,5,14776,1953,0.93,4,0,0,8.5,0.59,1.5
280533,5,10382,1904,0.62,1,2,1,8.7,0.06,4.2
250247,4,3019,1973,0.48,3,0,0,6.6,0.43,2.1
276076,9,3410,1910,0.33,3,1,1,7.2,0.59,1.4
355680,4,12817,1955,0.32,4,1,1,8.6,0.5,3.3
234428,1,10897,1943,0.69,3,1,1,8.6,0.86,4.9
143789,10,4030,1947,0.41,3,1,0,8.9,0.81,2.6
307033,5,6388,1904,0.19,1,2,1,1.5,0.93,4.9
299864,3,11195,1982,0.16,3,2,1,6.4,0.83,2.3
299017,10,10134,1951,0.77,1,0,0,8.8,0.99,4
350098,9,4402,1915,0.06,3,1,0,6.8,0.2,4.6
299012,10,12258,1936,0.55,3,2,0,9.3,0.13,4.6
358204,5,8723,1924,0.13,1,1,1,2.5,0.13,4.7
149195,4,13733,2007,0.97,3,0,1,6.7,0.36,2.9
215386,9,11351,1948,0.96,2,1,0,7.7,0.71,2.7
326160,4,13548,1954,0.65,1,1,1,8.6,0.97,4.9
273533,3,4108,1983,0.93,4,1,0,5.8,0.12,3.9
370858,8,12240,1993,0.48,1,0,1,2.9,0.08,2.7
224646,1,13154,1983,0.55,4,0,0,3,0.48,2.6
354293,9,11573,2019,0.55,4,2,1,8.1,0.19,4
249838,4,6653,1913,0.01,1,2,1,4.3,0.64,3.2
216522,5,9857,1924,0.71,2,0,0,1.4,0.65,4
274290,3,4249,1912,0.09,3,2,1,6.2,0.69,2
303733,4,8285,1920,0.21,3,0,0,5.2,0.55,2.9
207924,2,7755,2002,0.03,2,0,0,9.9,0.63,1.7
242700,7,11036,1924,0.16,2,1,1,5.4,0.86,4.5
206536,3,16492,2000,0.02,3,1,0,9.1,0.53,4.7
376258,9,11010,1976,0.8,2,1,0,5.3,0.39,1.9
354271,4,8746,1921,0.49,4,1,0,2.6,0.7,4.6
222560,2,12771,2011,0.53,2,2,0,5.7,0.1,3.7
341801,1,12300,1999,0.11,2,2,0,7.7,0.88,3.8
280831,7,10746,1982,0.07,3,1,0,5.6,0.85,3.6
216496,5,8028,1923,0.01,1,1,0,2.7,0.55,1
331590,3,11749,1982,0.17,4,2,1,1.5,0.65,3.2
275779,2,12072,1951,0.59,2,2,0,7.5,0.67,2.1
366013,3,10876,1970,0.54,3,2,0,1.3,0.1,2.9
285385,9,15769,1942,0.69,1,1,0,2,0.59,1.4
389104,4,16918,1958,0.88,2,0,1,1.6,0.6,4.1
261768,4,7032,1988,0.19,1,2,1,1.7,0.9,4
316466,10,11204,1917,0.58,1,2,1,1.5,0.91,3
327772,1,6303,1955,0.97,4,2,0,6.1,0.92,3.9
320933,8,8366,1948,0.5,1,1,0,4.8,0.84,4.1
315146,1,8696,1925,0.46,2,0,0,8.4,0.24,2.1
299025,10,9577,1941,0.32,3,2,0,2.5,0.28,2.5
293185,7,15274,2004,0.35,1,0,0,2.6,0.98,4.4
402377,4,7510,1923,0.23,2,1,0,3.7,0.49,3.8
368110,3,11543,1909,0.42,3,2,1,8.5,0.85,4.2
254258,10,12361,1953,0.26,2,1,0,3.4,0.48,1.5
404733,9,10726,1918,0.36,2,1,0,9,0.42,1.7
310860,6,11680,1934,0.67,2,0,0,2,0.79,3.7
251954,2,8049,1956,0.5,1,2,1,7.7,0.14,2.9
312735,9,8625,1926,0.28,4,1,1,5.3,0.69,3.8
288211,4,7959,1947,0.04,2,2,1,8.8,0.6,2.9
307570,8,3423,1925,0.57,3,0,1,5.1,0.03,1.6
226995,1,11878,1952,0.52,2,2,1,5.9,0.98,2.2
238513,7,8754,1925,0.38,4,0,0,3.5,0.22,2.4
402219,7,9471,1926,0.54,4,0,1,9.6,0.62,2
372103,7,11996,1951,0.56,1,1,1,7.1,0.32,2.9
233721,9,10150,1904,0.96,1,1,1,8.4,0.27,3.6
232493,2,9666,1984,0.85,4,0,0,6.8,0.05,2
429250,6,8413,1937,0.16,2,0,0,6.2,0.66,4.6
443178,2,14848,1999,0.79,4,2,0,2.9,0.1,1.4
241714,5,10419,1938,0.68,4,2,0,3.5,0.28,3.5
202327,9,10359,1978,0.48,4,2,0,2.6,0.34,3.8
496762,4,12940,1999,0.5,2,1,0,6.1,0.32,4.3
317222,6,11138,2018,0.16,2,2,1,8.6,0.89,1.9
314006,1,7359,1961,0.37,1,0,1,9,0.38,1.7
305710,10,8781,1983,0.72,2,1,1,9.8,0.7,3.7
405365,7,7669,1965,0.67,3,0,0,7.7,0.91,1.7
285621,9,4949,2004,0.55,1,1,1,2.7,0.28,1.4
409454,8,9499,1984,0.95,4,2,1,3.2,0.2,3.6
283451,6,11782,1909,0.16,1,1,0,8.4,0.68,4.7
337886,6,8446,1944,0.09,2,2,0,2.9,0.24,1.7
222488,2,11324,1995,0.84,4,1,0,8.2,0.95,2.5
312786,1,12267,1997,0.78,2,0,0,7.3,0.98,3.3
390050,8,9661,1966,0.81,1,1,1,7.5,0.54,4.3
287745,1,8576,1961,0.35,3,0,1,2.5,0.59,1.6
396186,2,7894,1924,0.24,1,0,0,9.3,0.65,4.8
504540,10,9162,1929,0.1,3,0,0,9.2,0.59,2.4
370644,1,14693,1984,1,1,2,1,5.9,0.82,1.2
281354,1,10273,1969,0.35,3,1,0,5.3,0.27,1.5
307236,1,8613,1980,0,2,0,0,2.7,0.77,2.6
267455,4,8649,1954,0.27,2,1,1,6.2,0.31,2.7
463400,6,10219,2018,0.74,1,2,0,4.9,0.94,4
78092,3,10394,1939,0.22,1,2,0,1.1,0.15,2.1
306067,5,14037,1926,0.32,2,2,1,6,0.61,1.8
308260,2,8730,1989,0.7,3,1,1,9.1,0.8,4.4
316009,2,12931,1960,0.58,2,0,0,1.7,0.08,1.4
183164,8,8107,1901,0.78,3,0,0,4.2,0.87,3.6
316216,1,10659,1949,0.15,4,0,0,7.7,0.39,3.7
314075,9,8963,1934,0.45,3,1,0,8.2,0.56,3
394397,4,13018,1986,0.4,3,0,0,1.9,0.19,4.6
339264,6,14192,1913,0.79,4,2,0,1.2,0.88,1.8
383659,9,14606,1980,0.27,1,0,0,3.4,0.69,1.1
228187,10,12054,1909,0.97,2,0,1,7.4,0.64,3.7
290670,2,8484,2002,0.69,4,0,0,6.6,0.13,4.9
314380,8,9627,1954,0.67,4,1,1,6.8,0.4,3.6
320416,8,10904,1991,0.68,3,1,1,7.4,0.74,2.5
247964,1,3738,1995,0.68,3,1,1,1.5,0.11,2.1
410938,5,14261,2009,0.77,4,0,0,8.8,0.44,3
254117,8,6793,1976,0.64,4,2,1,6.1,0.89,4.7
178927,4,8622,1986,0.66,3,2,0,3,0.48,1.1
330187,3,13995,1977,0.47,4,0,0,1.9,0.16,3.8
349842,4,11229,2018,0.47,1,0,1,7.3,0.91,1.3
370810,1,11417,2013,0.56,1,2,0,2.7,0.75,4.3
229030,7,7751,1959,0.46,1,0,0,8.8,0.35,1.5
281378,5,5195,1942,0.34,2,1,1,7.6,0.45,2.1
200367,3,7626,1905,0.97,2,2,0,7.1,0.36,1
363357,5,11506,1925,0.1,1,0,0,5.1,0.39,4.3
326077,5,12152,1960,0.8,1,1,0,5.6,0.05,3.2
368532,10,10130,2004,0.12,4,0,1,4.6,0.19,2.9
345621,9,8818,1995,0.48,3,1,1,6.2,0.45,3.3
254434,4,11140,1930,0.04,2,2,0,3.1,0.15,2.6
313474,4,8133,1986,0.93,2,1,0,1.9,0.1,4.3
156869,9,11534,1914,0.2,2,2,0,1.2,0.38,1.8
337721,8,6696,1961,0.67,3,0,1,5.8,0.65,4.9
372667,10,15584,2020,0.64,4,0,1,6.9,0.32,1.1
234320,5,1885,1920,0.46,3,1,0,3.1,0.02,3.1
139798,9,14254,1976,0.46,2,0,1,1.1,0.69,1.7
185788,5,8034,1948,0.15,3,1,0,6.5,0.51,1.9
216516,2,13757,1948,0.53,2,1,1,8.7,0.8,2.6
393074,3,5619,2005,0.64,2,2,0,4.7,0.83,4.8
300261,7,9008,1974,0.47,4,1,0,6.1,0.47,4.4
207165,9,10632,1996,0.7,3,2,1,1.6,0.21,4.6
341677,4,6972,1996,0.1,4,0,1,5.9,0.98,3.5
136264,6,8396,1982,0.26,4,2,1,5.3,0.97,3.9
281473,5,11485,1963,0.83,4,2,1,3.9,0.26,3.2
383464,8,11645,1990,0.16,1,0,0,4.6,0.54,1.3
274375,9,6317,1969,0.76,1,0,1,1.1,0.19,3.2
397908,6,6980,1994,0.09,3,1,0,1.4,0.91,1.2
434649,1,10622,1912,0.41,4,1,0,7.2,0.58,3.4
212412,10,14252,1936,0.19,2,1,1,5.5,0.03,4.5
213578,3,12241,1912,0.44,3,0,0,6.6,0.84,3.2
231416,6,5442,2010,0.86,3,1,1,7.8,0.04,1.2
339655,2,7840,1908,0.79,3,0,1,4.1,0.19,1.7
362631,6,4485,1997,0.68,1,2,1,1.7,0.91,3.4
390685,3,12353,1937,0.77,2,0,1,6.5,0.72,4.6
397460,10,7387,1994,0.18,3,0,1,5.1,0.13,3.6
380680,1,9967,1977,0,1,2,0,8.1,0.66,2.5
370485,10,11827,2007,0.06,2,1,1,8.5,0.89,4.9
312253,2,9601,1918,0.9,2,2,0,7.1,0.23,4.7
233390,7,7451,1901,0,4,1,0,2.6,0.18,4.2
245538,8,10345,1952,0.62,2,1,1,7.7,0.83,1.4
330570,10,6006,1941,0.17,3,0,0,6.9,0.91,3.5
426265,10,17123,1984,0.26,3,0,1,7.2,0.26,2.1
427948,3,2512,2008,0.68,1,1,1,5,0.34,4.7
155537,9,16611,1948,0.21,4,1,0,3.4,0.44,1.5
237450,5,11714,1909,0.12,2,2,1,5.4,0.1,5
406435,4,8249,1960,0.7,2,1,1,9.8,0.62,3
220192,3,10825,1976,0.62,2,2,0,3.3,0.18,3.8
178982,9,9855,1920,0.97,1,1,1,7.4,0.97,2.9
344986,2,16757,1901,0.96,3,0,0,7.9,0.02,2.3
429972,5,16624,1969,0.85,4,2,0,6.8,0.08,3.9
445088,3,12301,1919,0.02,4,2,0,6.8,0.53,3
339962,6,9147,1951,0.33,2,2,0,4.3,0.13,3.9
353975,3,10455,1982,0.45,1,0,0,2.2,0.38,4.1
342007,9,7657,1986,0.23,3,2,0,1.4,0.06,3.1
298643,1,7128,1955,0.16,3,1,0,3.9,0.19,2.5
47120,7,9087,1986,0.16,4,1,0,4.6,0.16,4.7
357053,7,14593,1902,0.83,3,2,0,4,0.66,1.4
270658,4,8565,1949,0.8,2,1,1,3.9,0.45,4
375743,2,10828,1948,0.5,4,0,0,9.2,0.07,1.2
252977,5,13878,1994,0.28,2,2,1,1.2,0.19,1.5
177407,6,11272,1930,0.64,4,0,0,1.7,0.39,2.2
393393,5,11583,1947,0.64,1,2,0,8.1,0.22,3.3
313603,6,8039,1958,0.57,1,1,1,3.1,0.97,4.2
562148,2,10365,1907,0.61,4,2,1,5.2,0.92,4.2
368669,10,7039,1985,0.59,2,2,0,2.7,0.79,3.8
378638,7,7733,1935,0.07,1,0,0,9.2,0.38,2.4
357287,6,6517,1912,0.63,4,0,0,8.8,0.73,4.4
254746,10,8672,1965,0.6,4,0,1,5,0.56,1.5
272218,6,11005,1919,0.17,3,1,1,9.9,0.64,2.1
379487,4,9698,1964,0.24,1,1,1,9.4,0.65,4.6
379133,9,7073,2010,0.9,2,2,1,6.3,0.25,1.1
343723,5,7080,1971,0.27,4,0,0,2.1,0.05,2.5
226007,1,5978,2002,0.94,2,1,0,6.4,0.07,4.7
426347,4,11242,1956,0.81,3,1,0,2.2,0,2.2
197487,8,10822,1932,0.44,1,0,1,1.8,0.28,3.7
267509,3,5758,1925,0.14,2,2,1,4.4,0.77,2.8
